ID_Client,Age,Sexe,Pays,Revenu_Annuel,Date_Inscription,Nombre_Achats,Préférence_Produit,Canal_Préféré,Score_Fidélité
C955,53,Autre,Allemagne,76450,2019-09-14,4,Montre,Revendeur,8.845072477417196
C231,64,Femme,USA,43123,2016-09-27,1,Smartphone,Magasin,6.1523996423170075
C693,48,Femme,Allemagne,32928,2016-03-20,9,Tablette,En ligne,3.0397909443792535
C280,68,Autre,USA,25742,2016-11-21,4,Montre,En ligne,8.534096346633048
C320,63,Femme,France,37529,2019-03-02,6,Stockage,Revendeur,4.191436234667965
C424,56,Autre,Allemagne,86514,2017-01-12,7,Montre,En ligne,3.1422379259548316
C559,52,Homme,Allemagne,38658,2021-12-13,6,Tablette,Revendeur,2.082358088691836
C228,66,Femme,Corée,21794,2018-07-07,3,Montre,Magasin,5.4198490824062
C565,67,Homme,Corée,21256,2018-10-11,3,Télévision,En ligne,7.539147533991748
C866,32,Autre,Allemagne,75574,2020-06-18,8,Réfrigérateur,Revendeur,5.905618459030101
C965,31,Homme,USA,48737,2016-12-31,1,Montre,Magasin,6.676721384551699
C871,48,Autre,Chine,92690,2016-07-24,9,Smartphone,Revendeur,9.85038278045132
C564,58,Femme,USA,62341,2018-09-13,3,Réfrigérateur,Magasin,8.33201900006538
C815,52,Femme,Allemagne,58323,2021-06-03,10,Télévision,Revendeur,6.30119695798264
C528,34,Homme,France,71941,2018-05-23,8,Télévision,En ligne,8.32664114315735
C266,61,Homme,Corée,37576,2020-07-27,1,Smartphone,En ligne,2.546345139892896
C383,21,Homme,USA,62441,2015-03-21,3,Télévision,Magasin,4.342792614669078
C343,44,Autre,France,89695,2015-10-03,1,Télévision,Revendeur,9.660656238648453
C696,40,Homme,USA,56120,2017-10-21,2,Stockage,Revendeur,9.563459875491477
C467,37,Autre,France,86686,2018-03-15,1,Réfrigérateur,Revendeur,6.112311141863869
C389,29,Autre,Chine,27984,2016-05-10,1,Stockage,Magasin,1.333171525989767
C252,42,Autre,Allemagne,94163,2017-06-16,8,Stockage,Magasin,8.555448334789766
C672,51,Autre,France,47678,2019-01-29,10,Stockage,En ligne,1.291786070833382
C985,38,Autre,Allemagne,39684,2017-01-26,10,Télévision,Magasin,2.681467984734559
C356,41,Autre,France,28009,2016-10-21,8,Écouteurs,Magasin,9.152184912301442
C426,37,Homme,France,28953,2015-01-17,4,Réfrigérateur,Magasin,2.3225766037816387
C242,41,Autre,Allemagne,44846,2021-02-15,8,Télévision,En ligne,7.847629127787425
C553,35,Homme,Chine,43985,2019-05-05,1,Smartphone,En ligne,3.1781598611858377
C792,61,Femme,Allemagne,56227,2021-01-13,6,Tablette,En ligne,8.522360991480774
C171,27,Homme,Corée,20568,2019-10-29,4,Écouteurs,Revendeur,3.3789988935708304
C835,56,Autre,France,65306,2021-08-04,9,Stockage,En ligne,6.762647895201644
C922,59,Autre,Allemagne,68644,2018-08-15,9,Télévision,Revendeur,1.885634894765936
C295,46,Autre,Chine,30432,2021-07-19,7,Écouteurs,Revendeur,7.242180425386015
C856,52,Femme,Chine,27531,2020-05-27,6,Stockage,Magasin,9.636218697612462
C685,44,Femme,USA,92179,2019-07-20,9,Tablette,En ligne,7.869347596562342
C434,46,Autre,Corée,21293,2019-03-08,3,Réfrigérateur,Magasin,3.924932497672278
C548,44,Femme,Allemagne,83499,2018-06-30,1,Réfrigérateur,En ligne,6.247408456973251
C405,58,Femme,USA,95705,2020-10-19,1,Écouteurs,Magasin,5.902403184224593
C790,41,Femme,France,27081,2020-05-15,4,Télévision,En ligne,9.843003107500532
C103,18,Autre,Corée,34055,2021-06-13,4,Écouteurs,En ligne,2.727492772932168
C934,51,Autre,Allemagne,33504,2018-08-02,4,Stockage,Revendeur,1.0252466110312968
C644,41,Femme,Allemagne,93452,2020-12-16,6,Télévision,Revendeur,7.1140136669812835
C891,49,Autre,Chine,52936,2015-02-17,4,Stockage,Magasin,7.738262118211589
C609,57,Homme,USA,90590,2021-05-18,3,Écouteurs,Revendeur,2.2935494780740564
C992,42,Autre,USA,97817,2015-03-17,1,Télévision,Revendeur,4.838201912462086
C146,19,Femme,Chine,68457,2021-11-21,4,Smartphone,En ligne,6.392472424783282
C247,60,Autre,Corée,58089,2017-04-03,5,Écouteurs,Magasin,4.953093013675646
C978,65,Femme,Allemagne,74208,2015-03-21,8,Réfrigérateur,Magasin,4.499711110769626
C677,23,Autre,France,37140,2018-07-15,3,Tablette,Magasin,9.754282809554754
C527,56,Femme,USA,47597,2015-08-26,5,Tablette,Revendeur,3.6138400263309998
C813,68,Homme,USA,56534,2016-08-18,5,Stockage,En ligne,3.5688550041654823
C399,32,Femme,Chine,43775,2020-03-30,8,Télévision,Magasin,9.603918002416691
C542,22,Homme,Chine,93121,2020-03-31,2,Tablette,En ligne,1.1916269574965053
C852,68,Autre,Corée,79127,2016-04-10,6,Montre,Revendeur,4.766826418328916
C812,55,Femme,Corée,26618,2021-01-05,4,Tablette,Magasin,9.240067021261773
C980,29,Femme,Allemagne,81943,2019-09-04,2,Réfrigérateur,Magasin,7.261753745354061
C164,70,Homme,France,36400,2021-06-25,9,Tablette,Magasin,6.674041189630202
C958,67,Homme,USA,38829,2019-08-19,10,Réfrigérateur,Magasin,7.7683073248310475
C824,62,Homme,Chine,74816,2019-05-12,9,Tablette,En ligne,1.1007813554854278
C821,68,Homme,Corée,53440,2016-05-17,10,Tablette,Magasin,9.970339303796935
C341,34,Autre,France,56238,2017-06-17,7,Écouteurs,Magasin,5.3118551419981515
C416,19,Homme,Chine,97896,2018-04-04,1,Stockage,Revendeur,4.458828341097071
C201,38,Homme,USA,71203,2021-07-23,2,Smartphone,Magasin,7.702683503520858
C301,56,Autre,Corée,86404,2018-08-14,9,Tablette,Revendeur,6.909669295663086
C713,29,Autre,Allemagne,77898,2017-09-14,6,Écouteurs,Revendeur,1.9866207792263801
C841,33,Autre,Chine,47663,2019-08-30,4,Écouteurs,Magasin,4.5591129814287115
C410,50,Homme,Corée,76185,2020-09-17,1,Réfrigérateur,En ligne,9.637345250523033
C705,29,Homme,Chine,75964,2018-05-25,7,Télévision,En ligne,5.9074030454995174
C131,47,Femme,France,27326,2020-04-16,5,Stockage,Magasin,2.7186668511102106
C194,56,Femme,Allemagne,42310,2017-10-11,3,Tablette,Revendeur,9.696433256422573
C837,54,Autre,USA,98305,2018-09-26,10,Écouteurs,Revendeur,3.158349919655209
C428,45,Femme,France,64493,2020-04-07,8,Smartphone,En ligne,5.593648983820184
C701,19,Autre,Allemagne,45411,2017-01-09,1,Réfrigérateur,Revendeur,4.277254511191726
C219,19,Homme,Chine,84500,2021-02-23,4,Montre,En ligne,1.1051055567130357
C927,60,Autre,USA,35809,2019-10-04,9,Smartphone,Magasin,2.2986524877349863
C657,39,Femme,Corée,48279,2018-05-06,4,Montre,Magasin,6.5893372089774385
C437,38,Homme,USA,92459,2020-07-15,6,Télévision,Magasin,6.439396275180108
C662,45,Femme,Chine,83043,2019-02-15,9,Smartphone,Magasin,4.717702850974305
C213,52,Femme,Allemagne,83884,2015-09-04,1,Tablette,En ligne,7.963684012065806
C652,45,Autre,Allemagne,30506,2018-12-21,8,Télévision,Revendeur,1.951883056647466
C637,63,Autre,Corée,27666,2015-11-17,10,Réfrigérateur,Magasin,8.695678000694155
C896,52,Femme,Corée,59565,2021-01-14,8,Réfrigérateur,En ligne,5.753353104175782
C523,59,Homme,Corée,40378,2015-12-26,1,Tablette,Magasin,8.105637367920155
C212,51,Femme,France,88312,2015-08-25,10,Écouteurs,Magasin,5.02286787177283
C476,54,Homme,France,23974,2017-01-27,4,Télévision,Revendeur,4.50099961597092
C651,61,Autre,Chine,28740,2019-07-03,3,Réfrigérateur,Revendeur,2.2506397641395557
C858,46,Femme,Chine,39918,2015-06-16,8,Montre,En ligne,9.03538023921208
C493,34,Autre,France,57530,2015-12-16,10,Télévision,En ligne,9.853422964014461
C761,65,Autre,Chine,33954,2015-07-15,3,Tablette,Magasin,1.7754766507027417
C364,60,Homme,Corée,82120,2020-02-19,7,Montre,Magasin,2.718668772074746
C605,33,Femme,Corée,87353,2016-04-21,8,Télévision,En ligne,2.291658232481481
C877,41,Autre,Allemagne,99262,2021-01-03,9,Tablette,Magasin,3.865327099534201
C838,21,Homme,Corée,71539,2020-07-21,5,Télévision,En ligne,7.7580181610553325
C155,44,Autre,Chine,53396,2017-12-25,5,Smartphone,Revendeur,3.9415330035356213
C731,33,Homme,Corée,93913,2021-04-22,1,Tablette,Magasin,5.441962325104123
C851,47,Femme,France,65726,2016-09-10,2,Écouteurs,Revendeur,6.13993653018812
C102,45,Homme,Corée,90401,2017-11-12,8,Télévision,En ligne,6.785477816303708
C827,32,Homme,France,28358,2017-10-25,4,Tablette,Magasin,3.8614878204067264
C381,28,Homme,Allemagne,90443,2020-11-20,7,Télévision,Magasin,4.60135498597631
C873,42,Femme,Allemagne,36049,2017-02-05,2,Réfrigérateur,En ligne,9.943928461238869
C870,48,Femme,Allemagne,57341,2017-04-05,5,Écouteurs,Revendeur,8.105139839947102
C817,59,Autre,Chine,31966,2016-08-08,8,Tablette,Magasin,4.023743955006955
C721,67,Homme,Corée,90213,2021-04-22,5,Tablette,Revendeur,9.357874975934926
C976,42,Homme,Corée,58326,2015-11-28,1,Stockage,Revendeur,8.018627675452231
C449,43,Homme,Corée,76031,2020-10-21,7,Montre,En ligne,7.084555975180529
C427,63,Autre,Allemagne,66259,2019-02-18,8,Tablette,Magasin,8.762406930707998
C484,66,Autre,Corée,25421,2016-01-25,2,Écouteurs,Revendeur,1.7673510646599304
C134,34,Femme,Chine,58006,2019-11-27,9,Écouteurs,En ligne,5.277124598411897
C869,24,Femme,Corée,62879,2020-04-11,1,Écouteurs,Magasin,7.3392338283882115
C906,54,Autre,USA,92421,2019-08-04,10,Réfrigérateur,Revendeur,5.237429347515162
C478,42,Autre,USA,45087,2016-04-02,6,Smartphone,En ligne,9.555146027346549
C435,37,Femme,USA,72525,2017-07-12,1,Montre,Revendeur,6.26385106234284
C762,63,Autre,USA,29518,2018-03-16,7,Télévision,Revendeur,2.1026121024899482
C601,45,Homme,Chine,40628,2021-05-10,8,Montre,En ligne,4.692754460012864
C464,35,Femme,USA,97832,2021-08-24,9,Stockage,Magasin,9.49697672578067
C901,49,Femme,France,37364,2016-09-30,7,Smartphone,Magasin,8.712827774650641
C763,27,Femme,Corée,83046,2015-04-17,4,Stockage,Magasin,8.728378582401115
C305,62,Homme,Allemagne,44633,2021-07-28,3,Montre,En ligne,1.8988668657883812
C368,44,Autre,Corée,44046,2021-08-03,7,Stockage,Revendeur,9.639287956345836
C350,43,Homme,Allemagne,82447,2015-07-11,1,Stockage,Revendeur,3.9225558354265724
C885,46,Homme,Allemagne,69256,2017-06-15,4,Réfrigérateur,Magasin,4.655795717168258
C109,46,Femme,Corée,78279,2018-01-10,4,Smartphone,Magasin,9.415155291440948
C920,62,Autre,France,40058,2021-07-13,5,Écouteurs,Magasin,9.294322640397088
C472,32,Femme,France,94018,2019-01-16,2,Réfrigérateur,Magasin,7.8592563227276075
C639,54,Autre,USA,21421,2020-12-12,2,Montre,Magasin,9.708174117135792
C459,70,Femme,Chine,44105,2021-09-17,9,Tablette,En ligne,7.266824890860821
C525,62,Femme,France,89381,2015-06-15,9,Tablette,Revendeur,1.0585821222691965
C946,25,Femme,Corée,61179,2021-05-26,2,Montre,En ligne,7.330083383338845
C111,34,Homme,Chine,84623,2020-06-29,8,Smartphone,Revendeur,9.576548912678795
C756,59,Homme,France,26854,2019-06-06,8,Stockage,Revendeur,2.848749148979515
C391,64,Femme,USA,41336,2015-08-31,4,Télévision,Revendeur,3.491470425213018
C789,22,Autre,Corée,40945,2020-10-03,1,Tablette,En ligne,6.3190807057010705
C793,60,Femme,Corée,53268,2020-02-09,5,Écouteurs,Magasin,1.1342026331042705
C352,67,Femme,USA,91174,2016-01-05,1,Stockage,Revendeur,5.747638657083973
C240,21,Femme,USA,24629,2017-04-17,6,Montre,En ligne,1.5069007496248656
C638,70,Femme,USA,37532,2019-06-17,3,Tablette,Revendeur,7.863796730396798
C168,49,Homme,Chine,47150,2020-10-17,8,Stockage,Revendeur,7.0810150651595105
C669,27,Femme,Chine,84709,2020-06-24,10,Montre,Revendeur,9.909395536360218
C926,39,Homme,Chine,23542,2021-08-19,1,Réfrigérateur,En ligne,1.1064931760144676
C123,28,Femme,France,31236,2020-06-19,9,Montre,Revendeur,2.99990693408428
C314,47,Autre,Corée,31820,2018-07-08,10,Télévision,En ligne,3.975896481458753
C366,35,Homme,France,20222,2015-10-14,3,Tablette,En ligne,3.511863145158716
C592,62,Homme,Allemagne,51104,2016-08-19,4,Écouteurs,Magasin,8.335756899067562
C859,38,Homme,France,28659,2020-04-10,6,Tablette,Magasin,3.471246004199401
C752,38,Autre,Allemagne,88768,2015-01-05,3,Montre,Magasin,1.6744300030293378
C780,30,Autre,France,58861,2018-06-19,3,Montre,En ligne,9.092781674525149
C323,19,Femme,France,83536,2017-12-26,5,Tablette,Magasin,9.491142250801381
C455,22,Autre,France,42576,2020-01-10,7,Tablette,En ligne,8.333122703089174
C606,26,Homme,Chine,45954,2016-07-08,10,Tablette,Magasin,3.5470150290674827
C178,48,Femme,Chine,85588,2019-11-10,2,Réfrigérateur,Revendeur,8.79182526580665
C680,19,Femme,Corée,26289,2019-04-26,4,Montre,Revendeur,6.0218149699723975
C379,64,Autre,France,83516,2017-12-06,1,Tablette,Revendeur,4.430704095323671
C326,25,Femme,Chine,42036,2016-07-30,4,Stockage,Revendeur,9.523711762161195
C413,56,Femme,Allemagne,26413,2017-05-19,8,Tablette,Revendeur,3.3696741856261125
C369,62,Autre,Allemagne,59063,2018-04-14,2,Réfrigérateur,Revendeur,4.631547232713892
C971,69,Femme,France,83986,2017-06-29,8,Télévision,Magasin,2.4375274799723234
C973,49,Femme,USA,27115,2018-01-20,3,Écouteurs,Magasin,4.073127945305332
C104,57,Homme,Corée,58640,2018-03-14,2,Smartphone,En ligne,7.215284597627232
C908,21,Femme,Chine,52734,2021-10-03,4,Télévision,En ligne,4.468859420882109
C318,32,Autre,Chine,90875,2019-06-04,6,Montre,Revendeur,4.7218539696155535
C390,29,Homme,Corée,80900,2016-06-24,6,Stockage,En ligne,2.479944968115993
C470,53,Autre,USA,75483,2020-04-05,2,Écouteurs,Revendeur,4.082234487462426
C957,40,Autre,Corée,88907,2016-04-21,6,Réfrigérateur,Revendeur,4.9983858770728995
C233,36,Homme,Corée,54717,2016-03-13,9,Écouteurs,Revendeur,2.277761027143544
C625,59,Autre,Chine,37960,2019-08-11,5,Smartphone,Revendeur,2.6161395436436274
C370,56,Femme,USA,41730,2019-07-24,2,Stockage,Magasin,3.048558899801343
C438,42,Femme,Chine,98032,2021-11-16,9,Montre,Magasin,3.016018906602957
C327,67,Homme,Allemagne,38365,2016-05-27,8,Écouteurs,Magasin,9.647817026003922
C972,47,Autre,Allemagne,63988,2021-03-13,3,Réfrigérateur,Magasin,5.296988168110335
C961,59,Femme,USA,75315,2018-05-31,3,Tablette,Revendeur,1.2968677637874042
C534,59,Autre,Allemagne,97669,2016-01-25,3,Smartphone,Revendeur,6.385813985307681
C547,34,Autre,France,88126,2020-05-17,4,Tablette,En ligne,6.726704485731964
C562,19,Autre,France,93508,2018-01-16,8,Écouteurs,En ligne,7.377747331689536
C850,51,Autre,Chine,51712,2019-07-05,7,Réfrigérateur,Magasin,3.5158430326906176
C234,30,Homme,Corée,72421,2020-02-11,8,Télévision,Revendeur,4.906227925701258
C278,53,Homme,France,99682,2019-06-21,1,Stockage,Magasin,2.2955222521800156
C268,23,Autre,Allemagne,71298,2015-03-17,10,Stockage,En ligne,1.6564610209325425
C748,50,Autre,Corée,77231,2018-04-09,1,Montre,Revendeur,1.5072954574034612
C774,29,Autre,France,94241,2021-11-07,3,Réfrigérateur,En ligne,5.717799001798425
C602,70,Autre,France,81685,2018-08-27,10,Réfrigérateur,En ligne,6.430788965543757
C182,68,Autre,France,20350,2021-03-11,6,Réfrigérateur,Magasin,1.7750433113444002
C139,41,Femme,USA,95052,2017-04-20,10,Stockage,Magasin,2.3227325228208926
C223,40,Autre,Allemagne,80031,2019-09-09,4,Stockage,Magasin,3.094975253253941
C396,47,Femme,France,52029,2015-06-26,9,Réfrigérateur,Magasin,7.423728692039834
C545,27,Autre,France,34190,2015-06-26,4,Écouteurs,Revendeur,2.488640453164808
C634,57,Autre,France,93397,2020-04-17,7,Smartphone,En ligne,6.942915851015586
C479,18,Homme,Allemagne,25949,2020-08-19,7,Montre,Revendeur,6.179575001491622
C208,66,Femme,Chine,43011,2019-04-22,5,Smartphone,Revendeur,8.932625395588982
C376,59,Femme,USA,39887,2017-03-26,1,Écouteurs,Revendeur,3.275086464703035
C695,54,Autre,USA,55809,2018-06-28,2,Réfrigérateur,Magasin,3.200877941425656
C359,23,Femme,Chine,75437,2016-02-20,6,Montre,Magasin,7.367580486044256
C874,52,Autre,France,70898,2019-02-11,4,Télévision,Magasin,5.027810213844885
C444,44,Homme,France,32717,2016-11-19,9,Écouteurs,En ligne,4.2093016050584815
C797,21,Homme,France,92389,2018-07-05,10,Smartphone,Magasin,7.255088147254658
C775,36,Femme,France,57594,2016-11-06,9,Tablette,En ligne,3.7203723790016627
C988,47,Homme,France,23542,2019-10-07,2,Tablette,En ligne,5.093607576009139
C923,63,Homme,France,87189,2020-11-12,3,Smartphone,Magasin,9.495164791540379
C587,54,Homme,Allemagne,44943,2015-07-09,1,Montre,Revendeur,2.3016409855575617
C374,27,Homme,Allemagne,74094,2019-03-08,5,Réfrigérateur,Magasin,2.348367075674478
C456,61,Femme,Chine,24701,2021-09-06,4,Télévision,En ligne,2.4686558251440482
C481,68,Autre,France,52119,2017-10-29,5,Montre,En ligne,9.560474004511198
C666,41,Femme,USA,77930,2020-12-07,10,Smartphone,Revendeur,5.864215227099507
C648,19,Homme,Chine,63440,2020-06-23,1,Réfrigérateur,Revendeur,1.7619699660470034
C188,23,Femme,Corée,89530,2020-06-02,5,Télévision,Revendeur,2.1969641879214126
C646,49,Femme,Corée,66404,2016-09-07,2,Smartphone,Magasin,1.767011671740132
C473,20,Femme,Chine,51832,2018-11-22,3,Télévision,Magasin,4.375826755412093
C717,23,Femme,Corée,22382,2018-07-19,5,Écouteurs,Revendeur,4.158416367981895
C868,34,Femme,France,30188,2020-03-08,9,Smartphone,Magasin,4.520408579697345
C753,36,Femme,Chine,47481,2015-08-06,10,Réfrigérateur,Revendeur,5.128463979116183
C781,41,Femme,USA,58409,2015-03-08,5,Télévision,Magasin,2.493929463190418
C778,18,Femme,Allemagne,49213,2021-02-10,6,Écouteurs,En ligne,6.149994653202292
C834,54,Autre,Corée,80830,2016-09-10,5,Réfrigérateur,Revendeur,2.9965419793643595
C615,44,Femme,Chine,26254,2021-06-14,4,Tablette,Revendeur,1.9521208411891928
C512,43,Autre,USA,93225,2020-11-10,1,Télévision,Magasin,8.283611018517105
C120,65,Homme,Chine,64333,2019-04-19,4,Télévision,En ligne,3.6698879736651433
C845,57,Autre,Chine,36374,2015-07-23,2,Réfrigérateur,Revendeur,1.2824253722489765
C393,28,Autre,USA,86310,2015-05-10,8,Tablette,Revendeur,6.569806818250098
C659,54,Homme,USA,76267,2019-08-03,4,Écouteurs,Magasin,6.399463850797419
C170,64,Femme,USA,81948,2019-11-23,6,Écouteurs,Magasin,7.6999287406798
C489,44,Homme,USA,69956,2019-10-07,7,Télévision,En ligne,6.124183185037978
C770,34,Femme,USA,48034,2021-06-16,4,Montre,Revendeur,1.6626861145680198
C169,21,Femme,USA,57664,2018-11-02,10,Tablette,En ligne,8.98603774137237
C935,32,Femme,Corée,42795,2018-11-27,8,Stockage,Magasin,4.8545058285622895
C491,55,Homme,USA,34179,2021-01-16,9,Réfrigérateur,Magasin,2.8719944224493394
C255,58,Autre,Corée,27964,2015-11-21,4,Télévision,Revendeur,8.401544560975564
C480,52,Autre,Corée,68730,2016-09-06,9,Télévision,Magasin,4.78363167708597
C161,60,Homme,Chine,69224,2016-03-28,9,Télévision,Magasin,8.268820795930058
C311,67,Femme,Chine,99190,2017-09-09,9,Stockage,Revendeur,7.1551273676061795
C987,24,Femme,Allemagne,72132,2015-11-18,9,Tablette,En ligne,7.717760649605003
C921,33,Homme,Allemagne,37451,2017-01-13,5,Télévision,En ligne,7.083810259614423
C679,33,Femme,France,27245,2015-05-21,7,Montre,Revendeur,4.90019317079823
C751,57,Homme,Allemagne,52650,2019-07-14,8,Montre,Revendeur,9.425562653598718
C492,64,Femme,France,35248,2018-12-17,7,Réfrigérateur,Revendeur,2.506399329397954
C294,41,Homme,Chine,26765,2021-06-02,8,Montre,En ligne,4.518062458926531
C916,41,Homme,USA,73473,2018-12-08,2,Montre,Revendeur,1.603380464225483
C515,51,Homme,Corée,94702,2017-12-19,3,Tablette,Magasin,5.27612448967531
C274,40,Femme,Chine,52698,2019-01-07,10,Écouteurs,Magasin,8.189812003188198
C241,34,Homme,Chine,63197,2017-11-30,3,Écouteurs,Magasin,5.8674185151582305
C290,45,Autre,Allemagne,43716,2017-04-18,7,Télévision,Revendeur,3.745169082315754
C760,57,Homme,USA,83136,2020-08-11,5,Smartphone,En ligne,4.778190517622397
C947,64,Homme,Allemagne,26805,2017-10-11,6,Réfrigérateur,Revendeur,5.771023210953198
C843,52,Autre,Chine,66392,2017-03-03,9,Réfrigérateur,Revendeur,6.9474750393978235
C404,47,Autre,France,30903,2020-02-05,2,Smartphone,Magasin,1.4159082247942285
C892,54,Autre,Corée,27803,2019-07-20,1,Smartphone,Magasin,7.479877845803082
C862,33,Homme,Corée,94804,2015-11-29,3,Montre,Revendeur,2.720872158724463
C316,29,Autre,Chine,38509,2020-05-20,2,Tablette,Magasin,7.63002531473164
C536,58,Homme,France,54081,2015-06-13,6,Tablette,En ligne,4.314568135563919
C288,39,Femme,Allemagne,78810,2017-06-11,5,Écouteurs,Magasin,2.9362148757424587
C887,36,Femme,France,85385,2021-10-23,7,Smartphone,Magasin,9.786849987222222
C741,24,Homme,Corée,31494,2020-02-12,2,Smartphone,Revendeur,3.5008528976302236
C458,54,Autre,USA,21886,2016-05-06,1,Montre,En ligne,8.031436274412762
C556,27,Autre,France,75540,2018-03-03,5,Télévision,Revendeur,9.685727919800264
C486,47,Autre,France,61036,2016-06-16,7,Tablette,Magasin,1.0659967026199437
C881,25,Autre,Allemagne,63146,2018-02-07,4,Stockage,En ligne,7.4438866987641035
C347,66,Femme,USA,76259,2015-04-12,1,Smartphone,Revendeur,7.512303066405354
C649,37,Homme,USA,40841,2018-12-11,4,Smartphone,En ligne,7.07651226332554
C828,33,Femme,USA,60681,2018-06-13,8,Réfrigérateur,Revendeur,4.720396727387539
C786,45,Autre,Allemagne,25684,2016-08-17,6,Montre,En ligne,3.633474339474544
C784,59,Homme,Corée,53435,2017-03-19,7,Montre,Revendeur,3.9134685577277843
C857,60,Femme,Allemagne,82733,2019-12-23,4,Réfrigérateur,Revendeur,6.05072148315754
C727,29,Autre,USA,59196,2021-07-24,10,Réfrigérateur,Revendeur,1.4494888879929597
C260,25,Autre,Allemagne,82860,2019-12-14,8,Télévision,Revendeur,1.85852447927609
C736,56,Homme,France,81800,2021-12-25,3,Télévision,Revendeur,1.7534390940332414
C136,20,Femme,France,88115,2020-12-23,2,Tablette,Magasin,6.120153063840389
C803,44,Homme,France,65463,2017-05-14,10,Tablette,Magasin,7.513900550293258
C230,29,Autre,Allemagne,95708,2015-05-14,9,Stockage,Magasin,4.248286555835463
C336,34,Homme,France,74115,2018-07-16,5,Smartphone,Revendeur,1.659824154911379
C244,50,Femme,Corée,63761,2020-03-12,7,Télévision,Revendeur,5.688812966603562
C286,29,Homme,France,61395,2019-06-12,1,Stockage,En ligne,2.375373005147949
C485,19,Femme,Chine,94632,2018-01-24,8,Tablette,Revendeur,8.36780195510055
C715,27,Autre,Chine,92433,2015-01-11,10,Télévision,En ligne,5.36430614063627
C577,67,Homme,Chine,72646,2017-12-13,1,Montre,Magasin,7.169321363127762
C847,34,Homme,USA,51778,2015-07-12,9,Smartphone,En ligne,7.372495338521375
C401,22,Autre,Corée,49271,2018-03-10,6,Montre,Magasin,2.5155744958557213
C688,45,Femme,Chine,56161,2021-02-07,7,Écouteurs,Revendeur,8.865307804835464
C220,65,Femme,France,56968,2016-11-27,4,Montre,En ligne,3.110831846426851
C183,29,Homme,Chine,46822,2019-12-06,5,Smartphone,Magasin,1.970383486152325
C596,68,Femme,Allemagne,71601,2017-02-24,9,Réfrigérateur,En ligne,6.643468712467916
C560,30,Femme,USA,44791,2021-08-31,10,Stockage,Revendeur,5.4462495462604625
C254,24,Autre,USA,30946,2018-12-14,2,Smartphone,Revendeur,8.821471325902346
C581,42,Homme,Allemagne,25596,2015-10-02,4,Tablette,Magasin,5.129668438273951
C451,27,Autre,France,79272,2015-05-07,10,Écouteurs,Magasin,8.46001965861996
C261,33,Femme,France,25122,2020-03-24,1,Montre,Magasin,4.170172110366284
C818,43,Homme,Allemagne,74836,2019-07-20,4,Montre,Revendeur,2.1979268624036075
C532,41,Femme,USA,25374,2020-03-10,2,Stockage,Revendeur,8.55064132872306
C189,33,Femme,USA,20066,2020-01-06,6,Télévision,En ligne,5.541248633308733
C846,37,Autre,France,21257,2018-06-13,7,Écouteurs,En ligne,7.641678062523928
C439,18,Autre,Allemagne,71946,2021-03-06,6,Tablette,Magasin,2.701151165361162
C322,20,Homme,Chine,49659,2021-03-03,9,Montre,En ligne,1.9186159244940262
C900,39,Femme,Allemagne,73251,2018-10-04,5,Tablette,Magasin,9.777461303658697
C150,32,Homme,Allemagne,91315,2015-03-07,3,Écouteurs,Magasin,7.691347902907536
C600,61,Homme,Chine,54102,2020-06-30,1,Smartphone,Magasin,1.710421837862775
C654,31,Homme,Chine,98878,2021-07-31,5,Stockage,Revendeur,6.438279730705884
C584,60,Femme,France,20762,2021-12-02,10,Réfrigérateur,Revendeur,2.5183564882034615
C173,49,Autre,France,95544,2019-12-24,7,Stockage,Revendeur,3.341350113068775
C706,66,Femme,USA,49986,2016-04-21,3,Montre,Revendeur,6.910357789977824
C114,62,Femme,Corée,95102,2019-08-17,1,Smartphone,En ligne,2.1528561883635824
C521,26,Autre,Chine,96787,2021-06-19,7,Écouteurs,Magasin,2.8343387525114254
C997,38,Homme,France,31938,2020-08-08,3,Stockage,Revendeur,7.429762466954848
C112,63,Autre,USA,74172,2019-07-27,1,Smartphone,Magasin,2.895253246533417
C210,30,Femme,Allemagne,42093,2015-09-03,9,Écouteurs,En ligne,8.324562684289704
C749,30,Autre,Allemagne,87474,2015-03-07,6,Réfrigérateur,En ligne,2.2644170163623034
C725,39,Autre,France,96808,2020-01-02,7,Télévision,Magasin,8.443843577322987
C217,68,Femme,USA,99185,2019-03-18,4,Écouteurs,Magasin,9.791157890498067
C312,66,Homme,France,37162,2021-03-16,6,Écouteurs,En ligne,4.365000585071593
C224,31,Femme,France,59261,2017-09-07,10,Tablette,Revendeur,3.685777839796634
C200,54,Homme,France,22788,2016-12-31,10,Télévision,Magasin,6.830451406709282
C466,66,Homme,Chine,53276,2017-02-14,9,Télévision,En ligne,6.362819651103867
C149,24,Homme,Corée,50521,2019-01-14,5,Écouteurs,En ligne,4.763373430139918
C371,68,Homme,Corée,60458,2018-01-05,6,Réfrigérateur,Magasin,4.770843468728328
C772,28,Femme,USA,82770,2016-11-25,6,Stockage,Magasin,8.018038680793133
C373,18,Autre,Corée,73864,2015-10-03,2,Télévision,En ligne,7.453947699494735
C275,21,Homme,France,64450,2020-06-14,1,Télévision,Magasin,9.341250862328737
C430,38,Autre,USA,39757,2016-12-29,6,Tablette,Revendeur,1.025540301591875
C800,24,Autre,France,46391,2021-03-18,3,Montre,Magasin,9.230092170983852
C167,61,Homme,Corée,48863,2019-03-21,9,Télévision,En ligne,6.66706423830053
C520,29,Homme,Allemagne,62344,2020-08-29,10,Smartphone,En ligne,3.4604075303031783
C514,28,Femme,Chine,64095,2018-10-13,9,Écouteurs,En ligne,1.7646709133569187
C620,51,Homme,USA,53021,2017-02-04,10,Télévision,En ligne,8.16884471579625
C711,23,Autre,Chine,32658,2017-09-14,1,Réfrigérateur,Magasin,1.9888878700271087
C893,32,Autre,Allemagne,79155,2018-03-05,1,Smartphone,Magasin,2.4168875070558777
C597,42,Femme,USA,81258,2021-05-28,2,Réfrigérateur,Revendeur,2.9698036405281076
C720,29,Femme,France,81915,2017-01-11,5,Écouteurs,En ligne,9.722669702124787
C482,64,Femme,Chine,21587,2016-02-02,9,Réfrigérateur,Magasin,3.5196330529611717
C735,27,Autre,France,57176,2019-01-30,9,Réfrigérateur,Revendeur,6.047799363792465
C925,31,Femme,Chine,90706,2021-06-25,10,Montre,Revendeur,2.1863063745825317
C825,68,Femme,Corée,34684,2018-10-09,7,Tablette,En ligne,3.2792026901917137
C658,42,Homme,Corée,35555,2015-04-26,10,Télévision,Magasin,1.7479947278072259
C474,48,Autre,Chine,30645,2015-12-18,5,Écouteurs,En ligne,9.149841821714737
C465,41,Femme,Allemagne,59870,2018-03-17,7,Télévision,Magasin,2.1730036136877517
C367,65,Femme,Chine,70916,2018-03-20,1,Réfrigérateur,Magasin,3.8433968755571
C443,29,Femme,USA,87433,2021-02-04,1,Stockage,Magasin,9.283375657824646
C282,22,Homme,USA,41943,2019-04-06,9,Tablette,Magasin,9.398981566539307
C977,63,Femme,Chine,44464,2021-11-07,10,Écouteurs,En ligne,1.6052597848238475
C742,48,Autre,Allemagne,43787,2015-08-18,2,Stockage,Revendeur,6.9941608538162985
C181,67,Autre,USA,46262,2019-07-18,2,Smartphone,Revendeur,5.880204107800946
C840,46,Femme,USA,73337,2019-10-25,5,Stockage,En ligne,2.0963863904336475
C269,28,Femme,Chine,77658,2017-02-20,6,Tablette,En ligne,3.7433286719108967
C174,57,Homme,Allemagne,78893,2017-10-01,4,Smartphone,En ligne,4.783270122913991
C325,59,Autre,Allemagne,24009,2021-07-21,4,Tablette,Magasin,6.846774749346977
C372,32,Homme,France,58264,2020-03-26,6,Télévision,Magasin,3.8327074228508016
C905,44,Femme,Corée,84252,2016-09-21,10,Stockage,En ligne,2.5145991095160376
C216,56,Autre,Allemagne,65057,2015-02-27,9,Télévision,Magasin,1.5671479213549584
C571,22,Homme,USA,85663,2015-12-02,10,Réfrigérateur,En ligne,6.556677953585157
C499,47,Homme,Allemagne,81793,2016-07-18,8,Télévision,En ligne,2.022235411029174
C152,50,Homme,Allemagne,85261,2015-04-24,5,Réfrigérateur,Revendeur,3.2831108508724833
C745,39,Femme,Allemagne,60652,2015-12-22,4,Tablette,Revendeur,4.628438205637642
C229,68,Femme,USA,45705,2021-03-05,4,Réfrigérateur,Magasin,8.038951914412237
C511,42,Femme,Chine,31356,2020-01-16,8,Montre,En ligne,9.17751072864512
C411,56,Femme,Allemagne,63993,2018-10-06,3,Tablette,Magasin,4.3967574493064
C122,59,Homme,Corée,30079,2018-08-15,2,Écouteurs,En ligne,9.195300460568655
C594,54,Autre,USA,64458,2020-12-13,2,Smartphone,En ligne,2.5593919655957973
C558,43,Homme,USA,29875,2020-04-19,4,Télévision,Magasin,9.679505986217556
C794,67,Autre,Allemagne,43369,2021-10-02,6,Stockage,Revendeur,8.57072911746453
C568,53,Autre,Allemagne,76908,2016-06-06,7,Écouteurs,Revendeur,3.132030631102584
C941,44,Autre,Allemagne,50924,2021-11-04,3,Écouteurs,Revendeur,3.724426761050322
C414,18,Autre,Corée,26712,2021-05-04,3,Réfrigérateur,Magasin,6.815139590025305
C440,39,Homme,USA,83719,2016-01-01,4,Écouteurs,Magasin,5.101082376373625
C450,47,Femme,Chine,48682,2018-07-03,3,Réfrigérateur,Magasin,7.946098876344455
C909,58,Homme,USA,64264,2015-11-11,1,Montre,Magasin,4.033731839755536
C995,66,Homme,USA,49244,2020-11-18,2,Tablette,Magasin,4.733864539720218
C996,31,Femme,Chine,23091,2017-09-22,6,Télévision,En ligne,6.650479768753312
C232,29,Homme,Allemagne,91538,2015-03-21,10,Smartphone,En ligne,8.591750247688703
C855,38,Femme,Allemagne,32989,2017-06-03,7,Réfrigérateur,En ligne,6.58026481096333
C624,66,Femme,Chine,96958,2017-03-10,7,Tablette,En ligne,4.63100360794915
C914,24,Femme,USA,67940,2016-02-12,4,Smartphone,Revendeur,7.668401058923342
C506,47,Autre,Corée,56533,2021-04-05,8,Smartphone,En ligne,4.075253748465681
C622,68,Femme,Corée,37923,2021-01-19,1,Stockage,Magasin,1.0722083240610458
C417,66,Autre,Chine,66429,2017-06-04,4,Écouteurs,En ligne,1.5756867948082884
C894,37,Autre,Chine,70823,2016-03-03,1,Réfrigérateur,En ligne,3.423833296534875
C723,52,Autre,Chine,30424,2016-03-02,1,Tablette,Revendeur,4.664384622890854
C777,40,Autre,Chine,22880,2015-10-05,9,Écouteurs,Magasin,9.060644282075897
C243,31,Femme,Chine,83849,2019-01-25,1,Stockage,En ligne,9.446283852412803
C263,58,Femme,Allemagne,58250,2015-12-11,2,Télévision,Revendeur,3.3626569874056615
C585,33,Autre,Chine,89272,2018-05-31,4,Réfrigérateur,Revendeur,1.3749993339588595
C960,30,Homme,Chine,51231,2019-12-03,3,Tablette,Magasin,3.929536974116041
C674,53,Femme,Chine,98243,2016-02-07,3,Tablette,Revendeur,4.714465932317873
C463,64,Autre,France,94134,2019-01-04,2,Réfrigérateur,Revendeur,3.6587942840128544
C498,43,Femme,USA,85400,2020-07-16,8,Smartphone,Revendeur,2.306483475814842
C719,49,Homme,Corée,43494,2017-10-05,3,Stockage,En ligne,2.049218516095526
C142,18,Femme,Corée,68491,2020-03-05,9,Réfrigérateur,Revendeur,9.121648453268795
C342,62,Homme,USA,64640,2018-12-22,10,Stockage,Revendeur,3.2526829820475713
C709,69,Autre,Chine,25813,2018-10-06,10,Réfrigérateur,Revendeur,3.36807670143496
C574,52,Autre,France,76216,2020-04-28,6,Écouteurs,En ligne,9.13400597614564
C529,50,Femme,Allemagne,37203,2016-09-23,4,Réfrigérateur,En ligne,5.976373254023707
C599,58,Homme,Corée,55039,2019-04-23,6,Smartphone,Magasin,9.630954760291925
C344,42,Femme,USA,59871,2016-10-25,9,Télévision,Magasin,6.182177555997737
C863,25,Femme,France,71450,2018-11-24,6,Réfrigérateur,Magasin,8.228257690140744
C788,36,Homme,USA,94456,2015-12-12,7,Montre,Magasin,1.0750006875740405
C419,48,Homme,France,82113,2019-09-06,9,Smartphone,Revendeur,6.909587647648556
C938,18,Homme,Chine,91825,2017-03-24,6,Écouteurs,Revendeur,8.29611404902903
C809,48,Autre,France,30638,2017-06-16,10,Montre,En ligne,4.991809494339755
C967,22,Homme,Corée,51945,2016-12-26,1,Stockage,Revendeur,8.60852441510281
C362,40,Homme,Corée,96999,2017-06-08,7,Montre,Revendeur,2.6580893082614088
C203,25,Homme,Allemagne,81846,2020-04-06,7,Écouteurs,Revendeur,8.68422503587458
C805,67,Homme,USA,86144,2021-05-05,1,Tablette,Revendeur,3.9539656211216805
C445,33,Autre,USA,84287,2016-09-14,8,Écouteurs,Magasin,3.8360939416156974
C461,63,Homme,France,81906,2017-08-06,9,Télévision,Magasin,4.064958307716939
C681,70,Femme,Corée,28017,2018-10-29,7,Stockage,En ligne,9.023370438605676
C475,22,Autre,Corée,84263,2017-06-10,2,Réfrigérateur,Revendeur,1.7420056328672504
C832,46,Femme,Chine,42013,2020-10-14,7,Stockage,En ligne,8.820046095075861
C549,70,Femme,Corée,35981,2017-06-25,1,Tablette,Magasin,6.13994015182521
C262,48,Homme,Corée,44716,2017-03-26,6,Stockage,Magasin,9.93444593779614
C156,31,Homme,USA,65565,2015-01-13,1,Réfrigérateur,Revendeur,2.8287743690131824
C531,19,Femme,Allemagne,96675,2019-05-23,5,Réfrigérateur,Magasin,2.937296605300688
C904,44,Homme,Chine,81039,2019-10-18,10,Télévision,En ligne,1.7590905054251527
C878,49,Femme,France,75356,2018-07-15,10,Smartphone,Magasin,3.1900310278855586
C431,61,Autre,France,37225,2019-09-02,3,Tablette,Magasin,3.0306213572416025
C783,55,Homme,Allemagne,81970,2016-05-18,7,Tablette,Magasin,3.7414065690129426
C400,19,Homme,USA,77246,2020-05-18,10,Tablette,En ligne,1.6784104340501806
C195,32,Autre,Chine,26719,2015-08-12,3,Télévision,En ligne,2.2371837239415964
C196,34,Autre,Corée,89939,2018-12-16,3,Écouteurs,Revendeur,9.613428094125895
C876,31,Homme,USA,87952,2020-06-25,10,Stockage,En ligne,8.138774549615183
C166,51,Autre,France,25476,2017-02-20,1,Stockage,Magasin,7.613206246755413
C769,70,Femme,Chine,47502,2018-09-14,1,Montre,Magasin,3.094500089272473
C849,56,Autre,Chine,30622,2018-09-02,4,Tablette,En ligne,5.850521262979745
C539,58,Homme,Corée,36106,2018-05-04,1,Montre,En ligne,8.02095997521634
C121,36,Homme,France,84996,2021-10-19,6,Télévision,En ligne,8.567262441818563
C975,19,Homme,USA,77076,2016-11-07,5,Réfrigérateur,Revendeur,2.507205179527333
C766,50,Femme,Allemagne,71444,2015-04-28,7,Écouteurs,En ligne,1.9110253887782895
C768,23,Autre,Allemagne,65026,2018-02-18,4,Stockage,En ligne,1.468839357583493
C969,49,Autre,France,21641,2018-07-02,9,Montre,En ligne,1.554844848352867
C963,54,Autre,Corée,96502,2020-06-09,4,Télévision,Magasin,6.449635664414317
C700,56,Femme,Corée,27270,2016-01-13,9,Montre,En ligne,9.785057628312515
C317,39,Autre,France,40089,2016-05-23,3,Stockage,Revendeur,5.831993252133087
C593,49,Femme,Allemagne,90537,2017-04-24,9,Réfrigérateur,Revendeur,1.5462426434922074
C415,44,Autre,Chine,87163,2021-05-24,1,Tablette,Revendeur,8.87841960136193
C441,68,Femme,France,63653,2017-05-24,9,Télévision,En ligne,2.410246972278268
C580,55,Femme,Allemagne,65724,2020-03-24,9,Tablette,Revendeur,7.367296174607728
C952,59,Femme,USA,35260,2018-02-06,3,Smartphone,Revendeur,4.422560260524403
C882,63,Homme,Corée,72289,2020-01-24,1,Réfrigérateur,Revendeur,7.898909883953621
C447,45,Autre,France,29226,2019-11-05,7,Smartphone,Magasin,9.5418376282284
C339,35,Homme,France,63671,2016-12-16,6,Stockage,En ligne,3.9740865023877205
C994,30,Femme,Allemagne,63413,2016-02-29,1,Montre,Magasin,2.9766869745547755
C942,54,Femme,Corée,28864,2016-11-27,9,Montre,Revendeur,2.8624742652908908
C591,68,Autre,France,94115,2020-02-03,10,Stockage,Revendeur,9.97278781825673
C544,23,Autre,France,22767,2018-10-18,2,Écouteurs,Magasin,5.551458084021874
C159,53,Femme,Corée,51186,2020-07-29,8,Stockage,Magasin,4.434595324750942
C702,66,Autre,France,70667,2021-06-25,9,Réfrigérateur,En ligne,3.0516613325894912
C716,32,Femme,Allemagne,38408,2020-02-23,2,Montre,En ligne,3.001192543444121
C276,49,Femme,France,35142,2017-11-30,9,Smartphone,En ligne,5.953645122082514
C361,53,Homme,Allemagne,60320,2015-01-29,9,Montre,Revendeur,1.543457597932763
C253,65,Homme,France,97564,2016-01-26,3,Montre,En ligne,4.270628292086776
C831,70,Femme,Allemagne,82972,2015-02-26,6,Réfrigérateur,Revendeur,9.41539216473942
C579,48,Homme,Allemagne,64783,2018-07-17,5,Smartphone,Revendeur,9.845765410166644
C192,25,Homme,USA,36262,2020-05-01,7,Stockage,Revendeur,4.247375839358808
C801,69,Autre,USA,28210,2020-02-25,7,Écouteurs,Revendeur,1.2518785273280022
C984,47,Autre,Allemagne,58812,2015-05-23,4,Stockage,Magasin,8.140937107761511
C616,62,Femme,Corée,65242,2019-07-12,2,Montre,Revendeur,6.848803765433362
C911,54,Femme,France,92155,2021-02-10,4,Tablette,En ligne,1.7447034871862375
C776,27,Homme,Chine,59953,2018-09-20,3,Smartphone,En ligne,7.146466103894958
C617,48,Femme,Allemagne,38095,2020-07-25,3,Smartphone,Magasin,7.52183189307882
C747,37,Homme,Chine,81106,2021-03-30,1,Écouteurs,En ligne,1.7647458545857342
C333,44,Autre,USA,98957,2021-03-21,9,Smartphone,Magasin,4.49011247397875
C345,43,Femme,Chine,62913,2020-08-21,7,Télévision,Revendeur,9.495047106251763
C324,31,Femme,France,98332,2015-04-25,4,Stockage,Revendeur,6.574764475738382
C132,48,Homme,Allemagne,87916,2016-09-29,5,Écouteurs,En ligne,5.407155070745428
C522,62,Femme,Chine,72137,2019-09-26,1,Réfrigérateur,Magasin,8.11341963483595
C576,67,Femme,Allemagne,55167,2015-03-11,7,Tablette,En ligne,4.980364221244104
C408,24,Homme,France,21887,2018-10-02,9,Télévision,En ligne,1.5961593766480806
C530,21,Autre,Allemagne,94148,2015-05-27,8,Stockage,En ligne,8.593569021601509
C746,18,Autre,Allemagne,36355,2015-12-22,6,Écouteurs,Magasin,6.220687972239916
C505,45,Femme,Allemagne,91310,2018-05-15,10,Écouteurs,En ligne,2.738922211790325
C948,33,Femme,Corée,36852,2016-07-13,10,Tablette,Magasin,1.561845106123323
C682,67,Autre,Chine,91928,2016-05-05,7,Réfrigérateur,En ligne,3.422913667119089
C363,36,Homme,Chine,41345,2021-03-18,5,Stockage,Revendeur,3.2483397276374757
C418,63,Autre,Corée,84593,2018-11-17,1,Réfrigérateur,En ligne,3.6538253032665446
C608,57,Femme,USA,51609,2019-11-12,4,Tablette,Magasin,1.641729513815153
C116,40,Femme,USA,90513,2019-11-15,5,Réfrigérateur,Revendeur,4.4352169770501435
C819,48,Femme,USA,88385,2020-07-06,6,Montre,Revendeur,7.840959000916975
C315,22,Femme,Allemagne,36012,2015-09-10,10,Stockage,En ligne,3.7070729594787046
C983,47,Autre,Chine,56893,2017-04-28,7,Télévision,Magasin,5.871533649722946
C575,25,Autre,USA,63578,2015-06-10,7,Tablette,En ligne,1.3746993338611158
C273,26,Femme,Allemagne,76009,2017-04-10,3,Tablette,Revendeur,4.026138721220822
C348,33,Femme,Chine,98367,2021-06-25,5,Smartphone,Revendeur,6.462922862055393
C199,20,Femme,Corée,60260,2015-03-26,4,Stockage,En ligne,7.812843159199445
C614,48,Homme,Chine,45284,2015-12-19,9,Smartphone,Magasin,8.897682192177356
C936,19,Femme,Chine,57536,2019-01-11,2,Écouteurs,Magasin,9.063704828415954
C375,28,Homme,Corée,23119,2021-11-27,8,Montre,Magasin,4.692161459692992
C469,55,Femme,France,56441,2021-09-06,3,Tablette,Revendeur,8.939744123176641
C989,36,Autre,Corée,90291,2018-03-23,9,Montre,Revendeur,4.338186910789947
C722,55,Femme,USA,22751,2015-01-31,6,Smartphone,Revendeur,2.841676882352486
C281,46,Autre,Corée,77856,2021-07-15,10,Smartphone,Magasin,9.867089671961155
C510,64,Homme,Chine,92941,2021-11-20,8,Réfrigérateur,Magasin,5.737977954507251
C743,22,Femme,Allemagne,36650,2019-12-04,4,Tablette,Revendeur,3.3031349793577145
C516,66,Autre,France,31082,2016-01-19,2,Tablette,Magasin,1.5305568863589576
C816,57,Homme,Chine,47756,2017-03-29,4,Télévision,En ligne,3.6156088613420443
C107,46,Autre,Corée,39320,2020-06-18,8,Montre,En ligne,6.328690798019825
C186,50,Autre,Corée,55239,2021-01-15,1,Stockage,En ligne,3.3138552753834296
C880,47,Homme,USA,60640,2016-04-24,9,Stockage,Revendeur,8.447231437799301
C421,54,Autre,Corée,20952,2016-04-30,1,Smartphone,En ligne,1.886100090898916
C566,64,Femme,Chine,87253,2017-04-22,10,Smartphone,Magasin,8.573421120130098
C133,51,Homme,Allemagne,78185,2018-06-13,3,Smartphone,En ligne,6.957372689407292
C259,69,Autre,Chine,33540,2015-06-18,1,Écouteurs,Revendeur,1.2275865103781598
C518,23,Autre,Chine,93210,2017-02-28,6,Smartphone,Revendeur,4.834294990118346
C804,64,Homme,Corée,55482,2019-01-25,3,Stockage,Magasin,2.7273302904163392
C429,53,Homme,Corée,85692,2021-08-08,7,Stockage,Revendeur,9.364263484709603
C848,69,Femme,USA,20747,2017-06-08,3,Écouteurs,Magasin,4.84515530181337
C707,45,Femme,USA,77842,2021-07-17,8,Smartphone,Magasin,5.872158156922805
C550,22,Homme,Corée,85596,2015-05-03,8,Stockage,Revendeur,5.858827670529119
C433,33,Femme,Chine,22493,2018-09-22,6,Tablette,En ligne,5.156670509940965
C101,33,Homme,Chine,76054,2015-01-13,2,Télévision,Revendeur,3.582792376481158
C378,32,Autre,Allemagne,43798,2016-12-17,6,Réfrigérateur,Magasin,8.745033347685153
C636,30,Autre,Chine,81807,2021-12-19,6,Stockage,Magasin,6.781268913812048
C287,29,Femme,USA,44588,2016-02-10,2,Écouteurs,Revendeur,2.9141821444326226
C902,45,Homme,Corée,50075,2017-05-10,8,Stockage,Revendeur,6.6431527703739075
C398,55,Femme,USA,23111,2021-05-26,1,Montre,Revendeur,4.86212715404622
C130,27,Homme,Chine,66312,2018-09-04,6,Écouteurs,Revendeur,8.966472386951704
C235,62,Femme,Allemagne,92260,2015-09-21,9,Télévision,Magasin,4.529923560699639
C782,38,Autre,France,96582,2019-06-27,10,Réfrigérateur,Magasin,6.976273553547555
C758,59,Homme,Corée,45888,2021-10-08,5,Montre,Magasin,4.721707976551926
C785,47,Homme,Allemagne,48721,2020-02-24,1,Écouteurs,En ligne,9.683594605775674
C309,36,Homme,Corée,92435,2015-11-04,9,Smartphone,Revendeur,8.504090887345374
C949,54,Autre,France,73228,2016-03-29,4,Smartphone,En ligne,7.661307042547989
C257,68,Autre,France,65457,2016-04-04,3,Réfrigérateur,Magasin,3.0664049347372933
C853,48,Femme,Allemagne,83932,2019-06-26,5,Télévision,Magasin,3.718801727199701
C808,66,Homme,Corée,93584,2019-05-10,3,Tablette,En ligne,8.82808534109838
C671,55,Femme,France,87866,2019-06-22,10,Smartphone,En ligne,1.5550651860079423
C258,59,Femme,Corée,69754,2018-02-05,2,Tablette,Magasin,3.4114901858796216
C884,48,Homme,Allemagne,90052,2017-09-21,5,Montre,Revendeur,3.769938768489154
C207,44,Homme,USA,91131,2017-11-05,8,Tablette,Magasin,2.10775007851287
C826,19,Femme,USA,41362,2015-10-18,8,Écouteurs,En ligne,5.758680019278633
C319,60,Femme,USA,73707,2020-05-15,1,Écouteurs,En ligne,5.575454228141206
C137,39,Homme,USA,27617,2018-12-14,8,Montre,En ligne,9.777555353470902
C264,62,Femme,USA,79073,2019-11-27,2,Smartphone,Magasin,2.373990421164205
C830,41,Femme,Corée,61336,2015-11-22,5,Écouteurs,En ligne,4.910926575843613
C310,53,Femme,USA,45830,2018-06-12,3,Télévision,Revendeur,1.487678397472242
C603,60,Femme,France,83803,2016-03-05,5,Montre,En ligne,6.19198750170436
C939,60,Femme,Chine,21606,2016-08-18,2,Stockage,Magasin,7.8026234970489545
C238,63,Homme,Chine,81106,2016-01-22,1,Tablette,Revendeur,8.353168057663105
C655,21,Femme,Chine,75281,2015-02-28,1,Télévision,En ligne,3.895980000153012
C619,55,Homme,Corée,45936,2020-04-13,5,Écouteurs,En ligne,5.229005968756559
C517,44,Autre,Corée,83549,2018-08-29,10,Tablette,Revendeur,9.506449311467724
C663,59,Femme,Allemagne,55770,2017-01-08,1,Écouteurs,En ligne,9.857746055983451
C420,29,Homme,Allemagne,34112,2016-02-23,10,Smartphone,En ligne,3.01438990137253
C631,61,Homme,France,64037,2016-07-20,1,Réfrigérateur,En ligne,7.638931573294231
C773,60,Femme,Allemagne,45158,2017-02-26,2,Écouteurs,Magasin,7.100767418306122
C108,54,Femme,Allemagne,47039,2021-03-05,8,Smartphone,En ligne,2.413867431917636
C454,18,Homme,Allemagne,24509,2018-10-14,4,Montre,Magasin,6.921488260134903
C944,70,Homme,Chine,93728,2017-03-25,7,Réfrigérateur,En ligne,5.612473367845768
C384,23,Femme,France,35322,2018-02-07,5,Télévision,Magasin,9.436005240724512
C177,27,Femme,France,99388,2021-11-23,5,Tablette,En ligne,2.500057264835906
C395,58,Femme,Corée,95430,2015-01-09,10,Smartphone,Magasin,7.068775472012829
C495,32,Homme,Chine,21193,2019-02-04,7,Écouteurs,En ligne,9.67011741186479
C555,49,Autre,Chine,80714,2021-01-01,8,Tablette,Revendeur,7.921153244882573
C265,43,Femme,USA,63903,2016-10-29,6,Écouteurs,Revendeur,1.3195267122139005
C954,26,Autre,Allemagne,27732,2019-06-03,4,Réfrigérateur,Revendeur,9.248709576763291
C607,18,Autre,Allemagne,25949,2017-04-12,10,Stockage,Magasin,4.544679952385481
C537,54,Autre,France,65877,2021-04-13,10,Stockage,Revendeur,2.9598621030134082
C209,42,Homme,Allemagne,94937,2015-12-02,7,Smartphone,Revendeur,3.9689217115135103
C645,52,Autre,USA,26226,2019-08-29,5,Montre,Magasin,8.664645046330016
C940,18,Autre,Corée,37867,2016-01-14,4,Smartphone,En ligne,9.834544010430063
C739,47,Autre,Allemagne,20021,2021-03-30,7,Smartphone,Magasin,6.1104851215172475
C670,61,Homme,USA,37443,2020-11-06,6,Smartphone,Magasin,6.759408854881894
C385,29,Homme,Chine,74754,2021-09-13,1,Montre,En ligne,1.3658280089085209
C732,33,Femme,France,57875,2017-09-12,3,Montre,En ligne,6.769822393590367
C675,25,Autre,USA,57552,2015-08-31,7,Écouteurs,En ligne,6.489763166092411
C377,31,Autre,Chine,54498,2015-09-25,1,Stockage,En ligne,3.086326512290158
C796,40,Autre,Corée,73713,2019-09-17,9,Stockage,Magasin,9.997479847915082
C714,20,Homme,Allemagne,58755,2021-05-03,5,Montre,En ligne,6.15324555178033
C153,49,Femme,France,66298,2018-10-13,5,Réfrigérateur,Revendeur,1.7473010100273694
C951,27,Homme,USA,88050,2017-03-08,1,Écouteurs,Revendeur,9.752407817584947
C110,62,Femme,Chine,93876,2021-02-15,8,Télévision,En ligne,3.08676241442707
C163,27,Femme,USA,32348,2016-09-18,8,Stockage,En ligne,7.766824956318411
C612,62,Homme,Corée,95126,2016-07-11,3,Stockage,En ligne,9.063199758020348
C519,33,Homme,Allemagne,55625,2020-02-24,2,Tablette,Revendeur,1.5404242526695837
C595,32,Homme,USA,20996,2019-08-04,9,Smartphone,En ligne,2.51823850490916
C423,62,Femme,Corée,71448,2021-04-24,7,Stockage,Magasin,5.121534799671888
C710,68,Autre,Allemagne,92205,2018-02-10,1,Réfrigérateur,En ligne,7.692756742971651
C629,63,Femme,Corée,88022,2015-02-03,9,Télévision,Magasin,1.1205667877402554
C158,36,Homme,Chine,96424,2015-09-08,2,Montre,En ligne,4.77114446145198
C306,37,Homme,Chine,20619,2018-08-28,9,Écouteurs,Magasin,8.058044866846654
C353,46,Autre,Allemagne,75183,2017-02-03,10,Tablette,En ligne,6.8957727868622545
C328,32,Femme,USA,98501,2016-10-31,3,Écouteurs,Magasin,5.476090439489257
C302,24,Homme,Chine,65826,2019-11-05,3,Montre,Revendeur,2.58056549548224
C744,63,Homme,Corée,85362,2019-02-16,8,Tablette,En ligne,5.522105910383852
C307,63,Autre,France,53692,2018-07-30,10,Tablette,Magasin,8.436614301230122
C394,51,Femme,Corée,21657,2019-06-16,5,Télévision,En ligne,6.472289010593185
C919,66,Femme,USA,70856,2019-08-25,1,Smartphone,En ligne,6.1217298261115705
C897,37,Homme,Allemagne,37316,2016-07-19,3,Stockage,Revendeur,1.6229252873201778
C357,70,Autre,Chine,65612,2019-11-23,3,Smartphone,Revendeur,8.089190475164454
C303,61,Autre,Corée,88228,2021-09-01,2,Télévision,En ligne,6.868684745088845
C557,64,Autre,France,72549,2021-10-28,4,Montre,Revendeur,8.375800295020802
C966,70,Autre,Allemagne,72620,2021-12-21,5,Réfrigérateur,Revendeur,3.674163589988617
C690,35,Femme,Corée,42297,2020-05-18,4,Tablette,Magasin,9.560383810317825
C981,24,Homme,Corée,94322,2021-03-22,5,Montre,En ligne,6.643678115713191
C256,18,Homme,Chine,77386,2019-07-01,1,Télévision,Revendeur,8.675661574077195
C138,42,Femme,France,55262,2019-11-10,9,Écouteurs,Revendeur,9.158086896693534
C436,68,Homme,USA,48832,2017-06-15,6,Stockage,Revendeur,6.247499497527411
C899,21,Autre,Corée,27475,2021-07-18,7,Montre,Magasin,7.048606080197405
C236,44,Femme,Allemagne,44473,2016-12-27,1,Montre,Revendeur,8.448559714353102
C864,47,Femme,USA,27343,2017-11-23,9,Montre,En ligne,2.8712371669202748
C337,43,Autre,Chine,82637,2015-05-13,5,Montre,En ligne,8.87547886020414
C641,44,Homme,Allemagne,91103,2019-05-26,9,Tablette,En ligne,6.428406174368607
C937,52,Femme,Corée,38116,2019-08-12,8,Montre,Magasin,8.083519596480825
C432,49,Autre,Allemagne,65669,2016-10-25,2,Montre,Revendeur,8.64187256570466
C872,37,Femme,France,70823,2015-02-15,9,Tablette,Revendeur,7.52463866703655
C590,60,Autre,Allemagne,72969,2020-01-01,10,Smartphone,En ligne,3.9341938355498436
C249,66,Homme,France,68131,2018-08-06,8,Télévision,En ligne,6.871491492287121
C689,58,Autre,Allemagne,56334,2016-08-14,8,Tablette,Magasin,9.671965142700742
C206,43,Homme,USA,89410,2017-07-29,2,Stockage,En ligne,2.1264385140319777
C673,21,Autre,France,97307,2020-02-25,9,Stockage,Magasin,1.6430317507514458
C931,46,Femme,Chine,95284,2021-04-20,1,Réfrigérateur,Magasin,4.157556650843735
C197,57,Femme,France,85005,2016-09-09,1,Télévision,En ligne,6.58672106333624
C198,21,Femme,USA,59596,2015-08-19,9,Smartphone,Revendeur,8.698172955908678
C968,38,Autre,France,97847,2021-07-18,4,Stockage,Magasin,7.925476766810187
C733,62,Femme,France,54955,2016-04-26,1,Montre,En ligne,8.824234456208664
C799,25,Autre,Allemagne,79977,2020-05-21,7,Écouteurs,En ligne,2.8433902420040758
C684,53,Femme,France,22350,2016-10-16,9,Tablette,Magasin,8.098352387388996
C185,60,Femme,USA,64742,2015-05-26,3,Télévision,Revendeur,3.172165723054503
C289,27,Femme,Allemagne,42602,2018-03-15,2,Télévision,Revendeur,9.699404440917368
C802,21,Homme,Allemagne,79463,2021-04-10,3,Réfrigérateur,Magasin,6.353120104506038
C172,68,Autre,Chine,99393,2020-05-04,9,Stockage,En ligne,7.336966104006902
C806,26,Femme,USA,53506,2017-08-21,1,Tablette,Magasin,6.515886827654631
C487,26,Femme,Allemagne,73674,2016-05-15,5,Tablette,En ligne,6.610417652143402
C533,68,Homme,France,30427,2019-01-01,9,Écouteurs,Magasin,3.0859068239066536
C750,58,Homme,Allemagne,61713,2019-01-17,9,Smartphone,En ligne,1.3493776808942952
C604,67,Femme,Allemagne,31763,2018-03-12,4,Smartphone,Revendeur,3.3617600358738997
C304,19,Autre,Chine,83070,2018-03-13,5,Montre,En ligne,6.221705682706373
C502,51,Autre,Chine,29302,2016-09-05,7,Stockage,Revendeur,8.030848830352957
C211,36,Autre,Corée,22059,2020-02-10,7,Réfrigérateur,Magasin,6.9260272037832245
C875,25,Homme,USA,66089,2016-12-19,4,Réfrigérateur,En ligne,6.891609390806579
C692,64,Homme,Allemagne,40984,2021-10-07,7,Stockage,En ligne,3.0359689645866816
C313,19,Homme,Allemagne,43894,2019-04-28,7,Écouteurs,Magasin,4.777997442399552
C535,37,Homme,Chine,30685,2015-03-01,10,Écouteurs,Revendeur,3.967706896787362
C184,21,Femme,USA,79863,2018-02-22,3,Écouteurs,Magasin,8.838157660186727
C340,61,Femme,France,97859,2015-03-10,7,Télévision,Magasin,1.2484277133246748
C844,64,Femme,France,63280,2020-01-14,4,Stockage,Revendeur,6.367417516279237
C508,26,Autre,Allemagne,90632,2019-11-18,3,Écouteurs,Revendeur,9.88950943770984
C964,48,Homme,Allemagne,90760,2019-08-15,6,Télévision,Magasin,2.1175569873393862
C272,18,Femme,Allemagne,87035,2020-02-02,9,Tablette,Revendeur,5.993944084991895
C569,35,Homme,Allemagne,67273,2018-06-13,5,Tablette,Magasin,2.5855830877572497
C245,56,Autre,Allemagne,92622,2021-10-17,7,Tablette,Magasin,9.102806894661995
C157,45,Femme,France,74439,2017-11-09,9,Télévision,Magasin,9.24401885638585
C728,44,Autre,Corée,78580,2021-01-12,10,Télévision,En ligne,4.626893930112187
C406,21,Autre,France,35491,2017-08-17,9,Tablette,Magasin,4.047210962686142
C697,23,Femme,USA,83503,2015-06-15,1,Écouteurs,Revendeur,9.735490481971942
C250,57,Autre,Corée,38459,2018-08-10,9,Écouteurs,En ligne,1.165491079449318
C779,38,Femme,Corée,39618,2019-12-18,7,Smartphone,Magasin,9.656169590621168
C284,54,Homme,Corée,26384,2018-10-09,10,Tablette,Revendeur,1.6409259967582073
C407,46,Autre,France,41541,2015-05-11,2,Réfrigérateur,Magasin,8.530108960572628
C546,53,Autre,Corée,66608,2021-10-27,5,Stockage,Magasin,6.384826948050046
C382,63,Homme,France,21030,2021-08-16,9,Montre,En ligne,8.637057689269842
C358,49,Autre,Allemagne,23474,2019-06-24,5,Montre,En ligne,3.0011586938687875
C950,44,Femme,USA,40729,2018-05-16,5,Réfrigérateur,Magasin,7.380723583027208
C755,70,Autre,Corée,71715,2020-08-28,2,Tablette,Revendeur,2.018583224960336
C214,44,Homme,France,67020,2016-11-21,6,Montre,Magasin,3.5440474100627504
C412,29,Autre,Corée,83383,2017-12-31,8,Réfrigérateur,Magasin,4.898597958038018
C457,44,Femme,Chine,74269,2021-01-25,9,Télévision,Magasin,9.97332683380521
C297,62,Autre,Allemagne,62536,2020-05-30,4,Réfrigérateur,En ligne,5.80458954727536
C754,47,Femme,Chine,85110,2017-02-04,4,Stockage,Magasin,9.312449964365513
C889,54,Homme,Allemagne,89525,2021-06-11,3,Écouteurs,Magasin,6.413760976530504
C932,22,Homme,Chine,61679,2021-02-25,9,Réfrigérateur,Magasin,5.98974674006356
C221,47,Femme,Allemagne,55404,2020-02-23,2,Réfrigérateur,En ligne,5.388973143021467
C204,34,Autre,USA,98803,2016-03-16,8,Télévision,Magasin,3.706926457036661
C335,28,Autre,USA,53642,2021-01-21,5,Stockage,En ligne,7.197421416261514
C180,69,Femme,Allemagne,73949,2021-02-22,6,Écouteurs,Revendeur,2.5246626637271232
C490,28,Homme,USA,69961,2020-09-04,10,Écouteurs,Revendeur,6.036249542210035
C632,33,Homme,Chine,48605,2019-09-06,8,Stockage,Revendeur,8.57118731206776
C179,26,Homme,Allemagne,93415,2020-01-03,9,Smartphone,En ligne,7.091344560374087
C222,62,Homme,Allemagne,88179,2017-11-29,7,Tablette,En ligne,9.832553037850474
C296,25,Femme,Chine,98463,2021-03-13,7,Smartphone,En ligne,2.6780576354361374
C151,26,Femme,USA,88407,2016-10-08,5,Écouteurs,En ligne,3.9879269361732916
C807,41,Homme,USA,68944,2020-10-26,3,Tablette,Magasin,9.68201780169268
C647,47,Homme,France,72467,2018-08-28,3,Stockage,Magasin,5.084655783353643
C915,52,Autre,Corée,21339,2018-03-30,3,Stockage,En ligne,5.739875025533864
C865,69,Homme,France,27710,2020-04-03,9,Montre,Revendeur,8.18286837092487
C959,60,Femme,Corée,75548,2018-09-30,2,Réfrigérateur,Revendeur,1.9396168487100485
C477,68,Femme,Corée,87254,2016-02-04,5,Stockage,Revendeur,9.828135276085643
C729,59,Homme,Allemagne,41309,2017-12-26,1,Écouteurs,En ligne,2.731698352783975
C820,30,Femme,France,25519,2018-02-14,6,Écouteurs,En ligne,1.5197768251580865
C346,33,Femme,Allemagne,33234,2018-06-01,1,Smartphone,En ligne,2.4376918652559327
C365,69,Femme,Allemagne,89873,2021-02-26,6,Télévision,En ligne,9.951464504758537
C933,68,Autre,USA,77920,2018-09-28,1,Écouteurs,Magasin,5.078968619988277
C271,38,Femme,USA,49265,2017-12-13,1,Écouteurs,Revendeur,8.988301434257163
C128,20,Homme,Chine,36008,2021-06-16,10,Télévision,Magasin,9.389771767425533
C699,52,Homme,Chine,73012,2016-05-13,4,Montre,En ligne,5.028452230555489
C551,24,Homme,Chine,57611,2020-08-13,7,Écouteurs,Magasin,8.25298726399469
C127,33,Femme,Corée,77170,2019-02-18,9,Télévision,Revendeur,5.327862962771387
C953,23,Femme,Corée,68410,2019-09-18,8,Écouteurs,En ligne,2.129218061123525
C998,70,Autre,USA,92606,2018-01-08,8,Réfrigérateur,Magasin,3.5912935165117865
C572,41,Femme,Chine,59724,2020-05-27,9,Montre,En ligne,9.543160462137198
C329,50,Autre,Allemagne,27586,2015-10-09,2,Smartphone,En ligne,6.383539603461502
C248,45,Homme,Chine,31508,2017-10-11,9,Smartphone,Revendeur,4.297826128535255
C656,49,Homme,France,32527,2021-09-19,2,Écouteurs,Magasin,6.710873998960743
C898,51,Femme,Allemagne,20260,2016-05-23,8,Réfrigérateur,En ligne,3.61913648865937
C237,60,Autre,Chine,61610,2021-01-19,4,Stockage,En ligne,5.9436525913544225
C468,39,Homme,Corée,78451,2015-12-01,6,Smartphone,Revendeur,4.160640990843075
C129,48,Femme,France,50031,2018-09-29,3,Télévision,Revendeur,6.683686400343381
C471,32,Homme,Corée,77438,2015-05-12,1,Réfrigérateur,Magasin,6.82001913406355
C740,33,Femme,Corée,43434,2015-04-29,9,Télévision,En ligne,3.1747853941624515
C861,56,Femme,Allemagne,37820,2016-02-07,7,Smartphone,En ligne,9.39554955170752
C118,61,Autre,Corée,41000,2018-08-07,6,Smartphone,Magasin,9.865525313849798
C496,21,Autre,Chine,84858,2017-03-31,8,Télévision,En ligne,9.45054828107812
C279,19,Homme,France,87005,2020-03-14,1,Smartphone,Magasin,6.806925874540628
C191,28,Autre,USA,27229,2018-09-04,10,Montre,Revendeur,8.13256919752402
C355,36,Femme,Allemagne,76205,2017-03-03,4,Réfrigérateur,Magasin,9.89121286436818
C795,35,Femme,France,95595,2019-04-10,1,Tablette,Revendeur,1.7781102953546724
C703,57,Homme,Allemagne,69109,2020-03-29,6,Montre,En ligne,3.5780854430202913
C351,44,Autre,Chine,94206,2015-07-13,2,Réfrigérateur,Revendeur,4.992807982478641
C225,25,Homme,Allemagne,63052,2018-04-27,3,Écouteurs,En ligne,6.435074280277886
C621,37,Homme,Chine,33214,2019-09-07,4,Télévision,Magasin,7.6501846275443715
C578,63,Autre,Allemagne,56556,2020-06-03,7,Smartphone,Revendeur,6.656911565802403
C956,58,Homme,Corée,61062,2021-06-12,5,Télévision,Revendeur,1.9392395187270386
C321,70,Autre,USA,95972,2021-06-20,8,Réfrigérateur,Revendeur,1.5753177394956355
C854,50,Femme,Allemagne,61409,2020-06-04,5,Smartphone,Revendeur,1.9593856608391635
C448,22,Femme,Corée,30617,2016-07-07,6,Télévision,Magasin,6.530656915208359
C704,65,Autre,USA,33009,2017-12-06,7,Réfrigérateur,Revendeur,3.94746260387536
C218,52,Homme,France,66683,2015-11-11,5,Réfrigérateur,En ligne,9.768592373082727
C227,70,Autre,Chine,44664,2015-02-28,1,Montre,En ligne,7.222225012584058
C165,22,Autre,Chine,75008,2017-12-18,10,Montre,Magasin,8.094541487017008
C643,61,Homme,France,44730,2019-10-17,5,Écouteurs,En ligne,6.553202747606031
C117,61,Autre,Chine,92076,2021-03-10,10,Écouteurs,Revendeur,3.0187737247596225
C215,57,Femme,Corée,83508,2019-01-14,9,Tablette,Magasin,3.259951658802961
C124,46,Autre,Allemagne,84997,2016-12-04,10,Montre,Magasin,2.8406046675854997
C633,44,Autre,Chine,70886,2020-10-21,7,Réfrigérateur,En ligne,5.52015747455831
C573,21,Homme,Allemagne,96021,2018-08-01,9,Réfrigérateur,En ligne,4.624848915842445
C442,29,Femme,Corée,20106,2019-07-01,2,Télévision,En ligne,2.9675451346317447
C141,48,Femme,USA,44358,2016-09-18,7,Stockage,Magasin,9.305439388020075
C554,32,Femme,France,22944,2015-09-10,5,Écouteurs,Magasin,2.797337929972035
C945,24,Femme,USA,25559,2020-08-18,10,Stockage,Magasin,1.8113846976514925
C226,66,Homme,Allemagne,54967,2019-10-07,10,Smartphone,Revendeur,5.727772909226122
C543,70,Femme,Allemagne,73882,2019-10-22,9,Télévision,Revendeur,4.548645619120563
C738,61,Homme,France,92564,2016-08-02,1,Tablette,Magasin,6.90160045293591
C332,69,Homme,Corée,23558,2015-10-22,4,Stockage,En ligne,3.9635051362523113
C814,55,Autre,Allemagne,81654,2015-02-18,10,Stockage,En ligne,1.7025437383946649
C913,69,Autre,Corée,45507,2019-06-01,7,Réfrigérateur,En ligne,9.168639958663508
C500,58,Femme,Allemagne,98647,2021-03-15,3,Écouteurs,En ligne,1.3978071495180107
C613,58,Homme,Allemagne,72662,2017-10-01,4,Stockage,Magasin,3.008207266679295
C724,64,Homme,USA,70642,2021-03-13,6,Smartphone,Magasin,4.161008257913468
C334,61,Autre,Corée,77283,2020-03-11,3,Réfrigérateur,Magasin,4.870312927742266
C730,54,Homme,France,44109,2019-07-06,2,Écouteurs,Revendeur,7.329424734693869
C991,34,Autre,USA,27119,2015-03-10,10,Réfrigérateur,Magasin,5.583355497307707
C764,48,Femme,France,68589,2017-03-19,3,Écouteurs,Magasin,8.797029100282206
C503,61,Homme,USA,69078,2019-11-23,3,Télévision,Revendeur,5.260183737651122
C308,26,Femme,USA,24423,2020-08-18,9,Smartphone,Magasin,4.494951294274246
C504,35,Homme,Allemagne,30607,2018-06-08,5,Réfrigérateur,En ligne,5.025271708755218
C588,22,Autre,Allemagne,94054,2021-09-04,7,Télévision,Magasin,2.5082021663004737
C386,68,Homme,USA,82104,2016-06-18,5,Stockage,Magasin,1.4949873618169343
C113,57,Homme,Allemagne,22799,2019-05-13,2,Smartphone,Revendeur,3.677283894062316
C291,22,Autre,Corée,90516,2016-09-28,2,Smartphone,Magasin,8.6459004089742
C270,23,Femme,Allemagne,73787,2015-07-02,9,Smartphone,En ligne,6.656814257994355
C665,56,Autre,France,59317,2015-06-09,3,Réfrigérateur,Revendeur,2.402906738737407
C540,46,Autre,Chine,29586,2016-10-03,8,Tablette,Magasin,7.777370440257855
C299,27,Femme,Allemagne,48430,2021-05-22,3,Tablette,Revendeur,5.380425770105752
C611,62,Homme,Allemagne,78595,2018-05-25,5,Écouteurs,En ligne,5.092163683679564
C839,23,Homme,Corée,93691,2018-05-29,4,Réfrigérateur,En ligne,8.03730784759405
C918,50,Autre,Corée,42818,2015-09-25,4,Télévision,En ligne,6.31438287069018
C667,44,Femme,France,80289,2017-06-07,8,Réfrigérateur,Magasin,4.379932633050157
C708,30,Femme,Corée,90749,2017-12-24,5,Tablette,Magasin,7.123989168185145
C829,43,Homme,Corée,93177,2020-08-05,4,Écouteurs,Magasin,9.365908750719514
C683,53,Autre,France,33983,2021-07-29,5,Réfrigérateur,En ligne,7.927257578811158
C712,31,Homme,Corée,35992,2021-10-31,10,Réfrigérateur,Revendeur,1.0076113303607883
C890,61,Homme,Chine,79574,2021-03-17,10,Télévision,Revendeur,6.068856001516023
C627,66,Femme,France,93211,2018-12-30,3,Smartphone,Magasin,2.5685190318631994
C888,56,Femme,Chine,75119,2015-07-10,5,Écouteurs,Magasin,8.382326612156948
C388,43,Femme,France,60973,2017-03-13,7,Montre,En ligne,2.4837160533798444
C175,69,Homme,France,87451,2015-08-15,3,Écouteurs,Magasin,8.154504010153467
C787,55,Autre,Allemagne,55559,2015-05-16,6,Smartphone,En ligne,5.796490903486301
C552,39,Homme,Allemagne,89875,2019-05-23,6,Stockage,Magasin,8.74748352829765
C397,68,Autre,Allemagne,43033,2020-09-03,3,Télévision,En ligne,5.20880571862674
C698,43,Autre,Allemagne,54432,2017-04-30,3,Smartphone,Revendeur,4.696354060388828
C387,66,Homme,Allemagne,25764,2020-07-17,10,Réfrigérateur,Magasin,3.707503363045129
C251,30,Femme,Chine,50240,2016-08-11,6,Smartphone,Revendeur,9.124232093290795
C193,37,Homme,Allemagne,64438,2020-05-25,6,Télévision,En ligne,3.0910214511727085
C836,31,Autre,Allemagne,80982,2016-10-07,1,Réfrigérateur,Revendeur,2.4722790109191877
C903,37,Autre,Allemagne,46404,2021-12-23,10,Réfrigérateur,Magasin,2.25534885323907
C623,70,Femme,France,25039,2020-06-11,7,Écouteurs,Revendeur,2.8649277412584175
C678,27,Autre,USA,63675,2020-05-05,3,Télévision,Magasin,1.1195024629666572
C267,64,Homme,France,65149,2020-08-27,5,Montre,Revendeur,7.345577781089591
C737,61,Femme,Chine,24092,2018-01-29,2,Réfrigérateur,En ligne,2.920306060760022
C497,45,Homme,Corée,28521,2018-02-02,3,Télévision,En ligne,3.567588164224053
C993,43,Femme,France,28962,2015-08-07,5,Écouteurs,Magasin,6.222288327219102
C734,62,Autre,Corée,22999,2015-06-20,1,Montre,Revendeur,1.9072405292393706
C354,39,Autre,USA,94892,2019-08-18,7,Télévision,En ligne,6.749262239548832
C140,24,Homme,Allemagne,38896,2020-05-18,2,Montre,En ligne,3.5239973594762457
C668,44,Homme,Corée,88339,2019-09-25,8,Montre,Revendeur,6.294996023051538
C642,54,Femme,Allemagne,74333,2018-12-31,9,Stockage,En ligne,3.08088206112354
C598,44,Homme,Corée,73487,2020-08-13,9,Réfrigérateur,Magasin,3.6973771752286813
C277,38,Homme,Allemagne,76015,2019-12-29,7,Smartphone,En ligne,1.1347808352232231
C126,35,Femme,Chine,52128,2016-05-24,3,Réfrigérateur,Magasin,4.033430558291427
C860,67,Femme,Allemagne,54693,2020-07-01,2,Télévision,En ligne,6.898943553415359
C524,65,Homme,USA,47138,2021-03-18,7,Smartphone,Revendeur,3.3738478617316736
C202,38,Femme,Chine,68136,2016-05-09,10,Réfrigérateur,En ligne,8.018452562295924
C979,18,Femme,Chine,79317,2017-11-26,7,Tablette,Magasin,6.832516866658425
C687,48,Autre,Allemagne,64084,2018-05-12,10,Réfrigérateur,Revendeur,8.090801238017255
C895,60,Homme,USA,96968,2015-11-25,6,Écouteurs,En ligne,9.29588771304496
C798,37,Homme,Allemagne,81506,2015-09-13,3,Télévision,En ligne,8.107468255403168
C929,63,Femme,Allemagne,36603,2015-12-04,8,Réfrigérateur,Magasin,6.8294297586368575
C974,34,Femme,Corée,28636,2015-10-18,5,Télévision,En ligne,5.249700490249226
C765,46,Femme,France,61978,2019-05-04,4,Montre,Magasin,6.866841328241071
C119,41,Femme,Allemagne,88412,2018-10-02,10,Smartphone,Revendeur,3.5880640475138623
C879,22,Homme,USA,84963,2021-11-20,1,Stockage,En ligne,1.4159790457338204
C135,25,Autre,USA,62729,2016-05-06,3,Réfrigérateur,En ligne,3.001391810179573
C300,60,Femme,Allemagne,74119,2018-04-09,3,Stockage,Magasin,2.5419943427064555
C660,29,Femme,Allemagne,54934,2017-05-02,2,Écouteurs,En ligne,7.863220665436935
C100,65,Homme,France,99792,2019-09-26,4,Tablette,Revendeur,8.937613623863674
C246,60,Femme,Corée,64571,2017-03-08,4,Écouteurs,En ligne,6.757024707712125
C331,69,Femme,USA,78708,2018-05-16,9,Montre,En ligne,3.6847655398039
C570,34,Homme,France,20230,2019-12-25,10,Montre,Magasin,2.289944736903618
C538,38,Autre,Corée,98149,2016-10-02,10,Stockage,Magasin,4.251398158830041
C392,28,Autre,USA,21235,2015-09-20,5,Réfrigérateur,Magasin,4.911093447452924
C402,29,Femme,Corée,57578,2021-02-16,5,Tablette,Magasin,3.875425559289912
C501,61,Autre,USA,32831,2019-02-20,9,Télévision,Revendeur,1.5903201972507461
C970,55,Homme,Corée,21867,2016-07-05,7,Montre,Revendeur,4.207418245166151
